{
  "project_info": {
    "project_number": "967115480093",
    "firebase_url": "https://photoapp-5072e.firebaseio.com",
    "project_id": "photoapp-5072e",
    "storage_bucket": "photoapp-5072e.appspot.com"
  },
  "client": [
    {
      "client_info": {
        "mobilesdk_app_id": "1:967115480093:android:919e9d20e2e2dca06a3af4",
        "android_client_info": {
          "package_name": "com.example.photoapp"
        }
      },
      "oauth_client": [
        {
          "client_id": "967115480093-nn62rsv8hc2cqed3jetl38r9r8n9h13m.apps.googleusercontent.com",
          "client_type": 3
        }
      ],
      "api_key": [
        {
          "current_key": "AIzaSyCgxz-MN6kEkjaNR9LojbEVS_Y49_jyMHg"
        }
      ],
      "services": {
        "appinvite_service": {
          "other_platform_oauth_client": [
            {
              "client_id": "967115480093-nn62rsv8hc2cqed3jetl38r9r8n9h13m.apps.googleusercontent.com",
              "client_type": 3
            }
          ]
        }
      }
    }
  ],
  "configuration_version": "1"
}